plot,subquadrat,tree_number,species_code,circumfrence_cm,date
LRFP,F,3,Aspen,35,5/1/2015
LRFP,I,3,Aspen,38,5/1/2015
LRFP,B,4,Aspen,39,5/1/2015
LRFP,D,3,Aspen,40,5/1/2015
LRFP,G,1,Aspen,43,5/1/2015
LRFP,D,1,Aspen,44,5/1/2015
LRFP,B,2,Aspen,46,5/1/2015
LRFP,C,3,NS,47,5/1/2015
LRFP,D,2,Aspen,56,5/1/2015
LRFP,C,1,Aspen,60,5/1/2015
LRFP,C,4,Aspen,63,5/1/2015
LRFP,C,2,Aspen,64,5/1/2015
LRFP,A,2,Aspen,69,5/1/2015
LRFP,B,3,Aspen,74,5/1/2015
LRFP,E,1,Aspen,74,5/1/2015
LRFP,A,1,Aspen,81,5/1/2015
LRFP,F,1,Aspen,83,5/1/2015
LRFP,A,3,NS,84,5/1/2015
LRFP,I,6,Aspen,89,5/1/2015
LRFP,B,1,Aspen,106,5/1/2015
LRFP,I,1,Aspen,113,5/1/2015
LRFP,E,2,Aspen,117,5/1/2015
LRFP,H,1,Aspen,138,5/1/2015
LRFP,I,5,Aspen,151,5/1/2015
LRFP,G,2,NS,223,5/1/2015
LRFP,H,2,Aspen,239,5/1/2015
LRFP,I,2,Unknown,240,5/1/2015
LRFP,H,3,NS,255,5/1/2015
LRFP,F,2,Aspen,270,5/1/2015
DPFP,B,3,Unknown,38,5/1/2015
DPFP,F,3,Unknown,39,5/1/2015
DPFP,B,4,RO,40,5/1/2015
DPFP,E,1,SF,44,5/1/2015
DPFP,I,7,SF,44,5/1/2015
DPFP,I,4,UD,46,5/1/2015
DPFP,G,5,UC,50,5/1/2015
DPFP,D,1,SF,56,5/1/2015
DPFP,A,2,SF,65,5/1/2015
DPFP,A,3,SF,70,5/1/2015
DPFP,B,1,Unknown,71,5/1/2015
DPFP,G,1,Maple,75,5/1/2015
DPFP,A,5,Unknown,77,5/1/2015
DPFP,A,6,Unknown,77,5/1/2015
DPFP,F,1,EB,77,5/1/2015
DPFP,C,3,Unknown,85,5/1/2015
DPFP,E,2,EB,97,5/1/2015
DPFP,B,2,Unknown,102,5/1/2015
DPFP,G,3,EB,107,5/1/2015
DPFP,C,1,NS,108,5/1/2015
DPFP,I,5,SF,120,5/1/2015
DPFP,A,1,SF,121,5/1/2015
DPFP,I,3,SF,123,5/1/2015
DPFP,G,4,EB,124,5/1/2015
DPFP,A,4,SF,134,5/1/2015
DPFP,C,2,SF,141,5/1/2015
DPFP,C,5,Spruce,143,5/1/2015
DPFP,C,6,Spruce,144,5/1/2015
DPFP,I,1,EB,145,5/1/2015
DPFP,I,6,UD,146,5/1/2015
DPFP,D,2,Unknown,147,5/1/2015
DPFP,G,2,Spruce,147,5/1/2015
DPFP,H,1,SF,160,5/1/2015
DPFP,C,4,Unknown,165,5/1/2015
DPFP,F,4,Spruce,180,5/1/2015
DPFP,F,2,Spruce,190,5/1/2015
DPFP,C,7,Spruce,197,5/1/2015
DPFP,I,2,SF,200,5/1/2015
DPFP,G,6,UC,250,5/1/2015
DPFP,H,2,Unknown,262,5/1/2015
DPFP,,1,Maple,,5/1/2015
DPFP,,2,EB,,5/1/2015
DPFP,,3,Maple,,5/1/2015
DPFP,,4,EB,,5/1/2015
DPFP,,5,SF,,5/1/2015
DPFP,,6,SF,,5/1/2015
CRFP,,3,EB,30,5/1/2015
CRFP,,2,SB,45,5/1/2015
CRFP,,9,Spruce,50,5/1/2015
CRFP,,6,EB Budburst,63,5/1/2015
CRFP,,14,SF,66,5/1/2015
CRFP,,7,SF,69,5/1/2015
CRFP,,5,SF,76,5/1/2015
CRFP,,17,NS,95,5/1/2015
CRFP,,18,Spruce,112,5/1/2015
CRFP,,13,SF,120,5/1/2015
CRFP,,10,SB,125,5/1/2015
CRFP,,8,SF,136,5/1/2015
CRFP,,16,Birch,169,5/1/2015
CRFP,,15,Larch,172,5/1/2015
CRFP,,11,SF,175,5/1/2015
CRFP,,12,Birch,177,5/1/2015
CRFP,,1,HA,16 by 11,5/1/2015
BPFP,,18,SM,30,5/1/2015
BPFP,,14,SM,34,5/1/2015
BPFP,,24,SM,41,5/1/2015
BPFP,,25,SF,45,5/1/2015
BPFP,,28,SF,45,5/1/2015
BPFP,,32,SM,50,5/1/2015
BPFP,,26,SM,61,5/1/2015
BPFP,,13,SF,64,5/1/2015
BPFP,,12,NS,65,5/1/2015
BPFP,,27,SF,65,5/1/2015
BPFP,,16,SF,74,5/1/2015
BPFP,,39,SF,90,5/1/2015
BPFP,,40,SF,90,5/1/2015
BPFP,,15,SF,93,5/1/2015
BPFP,,38,SF,100,5/1/2015
BPFP,,41,SF,130,5/1/2015
BPFP,,33,SF,140,5/1/2015
BPFP,,23,SF,150,5/1/2015
BPFP,,30,SF,160,5/1/2015
BPFP,,34,SF,160,5/1/2015
BPFP,,35,SF,170,5/1/2015
BPFP,,29,SF,180,5/1/2015
BPFP,,31,SF,180,5/1/2015
BPFP,,36,SF,180,5/1/2015
BPFP,,37,SF,230,5/1/2015
BPFP,,17,SF,260,5/1/2015
BPFP,,1,SB,,5/1/2015
BPFP,,2,SF,,5/1/2015
BPFP,,3,SB,,5/1/2015
BPFP,,4,SB,,5/1/2015
BPFP,,5,SB,,5/1/2015
BPFP,,6,SM,,5/1/2015
BPFP,,7,SB,,5/1/2015
BPFP,,8,SM,,5/1/2015
BPFP,,9,SM,,5/1/2015
BPFP,,10,SM,,5/1/2015
BPFP,,11,Unknown,,5/1/2015
SOFP,,1,NS,,5/1/2015
SOFP,,2,NS,,5/1/2015
SOFP,,3,NS,,5/1/2015
SOFP,,4,NS,,5/1/2015
SOFP,,5,NS,,5/1/2015
SOFP,,6,NS,,5/1/2015
SOFP,,7,NS,,5/1/2015
SOFP,,8,NS,,5/1/2015
SOFP,,9,NS,,5/1/2015
SOFP,,10,NS,,5/1/2015
SOFP,,11,NS,,5/1/2015
SOFP,,12,NS,,5/1/2015
SOFP,,13,NS,,5/1/2015
PDFP,,9,EB,31,5/1/2015
PDFP,,5,EB,32,5/1/2015
PDFP,G,4,SF,49,5/1/2015
PDFP,I,1,EB,50,5/1/2015
PDFP,,6,UD,50,5/1/2015
PDFP,,2,UD,57,5/1/2015
PDFP,,8,EB,63,5/1/2015
PDFP,,4,EB,71,5/1/2015
PDFP,G,2,SF,72,5/1/2015
PDFP,H,2,EA,72,5/1/2015
PDFP,,7,EB,72,5/1/2015
PDFP,,16,UD,72,5/1/2015
PDFP,H,1,EA,75,5/1/2015
PDFP,G,1,SF,78,5/1/2015
PDFP,G,5,Small-leaved Lime,78,5/1/2015
PDFP,,22,Unknown,89,5/1/2015
PDFP,G,3,SM,104,5/1/2015
PDFP,,15,UD,115,5/1/2015
PDFP,,3,UD,116,5/1/2015
PDFP,,13,EA,119,5/1/2015
PDFP,I,3,SF,128,5/1/2015
PDFP,I,2,Unknown,140,5/1/2015
PDFP,,14,EB,141,5/1/2015
PDFP,,20,Broad-leaved Lime,147,5/1/2015
PDFP,,21,EB,186,5/1/2015
PDFP,,1,SM,85/118,5/1/2015
PDFP,,11,UD,Under 10,5/1/2015
PDFP,,12,UD,Under 10,5/1/2015
TTFP,E,1,NS,36,10/1/2015
TTFP,E,2,NS,42,10/1/2015
TTFP,,5,NS,160,10/1/2015
TTFP,,4,ST,192,10/1/2015
TTFP,,6,NS,200,10/1/2015
TTFP,H,1,NS,,10/1/2015
TTFP,H,2,NS,,10/1/2015
TTFP,H,3,Spruce Bush,,10/1/2015
VDFP,F,2,EB,38,10/1/2015
VDFP,E,1,EB,44,10/1/2015
VDFP,D,2,NS,50,10/1/2015
VDFP,A,1,EB,58,10/1/2015
VDFP,D,3,NS,68,10/1/2015
VDFP,E,2,EB,69,10/1/2015
VDFP,G,2,NS,76,10/1/2015
VDFP,H,1,EB,77,10/1/2015
VDFP,F,3,EB,86,10/1/2015
VDFP,B,2,SP,100,10/1/2015
VDFP,F,4,EB,102,10/1/2015
VDFP,I,4,SF,103,10/1/2015
VDFP,D,1,NS,108,10/1/2015
VDFP,F,1,NS,123,10/1/2015
VDFP,H,2,EB,123,10/1/2015
VDFP,B,1,SP,129,10/1/2015
VDFP,A,2,Dead,138,10/1/2015
VDFP,I,1,EB,140,10/1/2015
VDFP,G,1,NS,148,10/1/2015
VDFP,C,1,SP,168,10/1/2015
VDFP,I,3,SF,172,10/1/2015
VDFP,I,2,NS,194,10/1/2015
LRFP,I,3,SF,30,10/1/2015
LRFP,D,10,WA,32,10/1/2015
LRFP,D,8,WA,33,10/1/2015
LRFP,H,2,Dead,34,10/1/2015
LRFP,E,4,WA,35,10/1/2015
LRFP,I,4,EA,37,10/1/2015
LRFP,E,3,WA,38,10/1/2015
LRFP,D,7,WA,39,10/1/2015
LRFP,D,5,WA,42,10/1/2015
LRFP,G,1,EA,43,10/1/2015
LRFP,D,12,WA,44,10/1/2015
LRFP,A,1,CH,46,10/1/2015
LRFP,F,6,EA,47,10/1/2015
LRFP,D,9,WA,48,10/1/2015
LRFP,F,7,EA,48,10/1/2015
LRFP,D,2,EA,49,10/1/2015
LRFP,F,4,SF,53,10/1/2015
LRFP,A,2,CH,54,10/1/2015
LRFP,D,6,WA,56,10/1/2015
LRFP,H,4,EA,56,10/1/2015
LRFP,F,5,EA,58,10/1/2015
LRFP,F,1,EA,60,10/1/2015
LRFP,C,1,CH,64,10/1/2015
LRFP,F,3,EA,64,10/1/2015
LRFP,F,2,EA,65,10/1/2015
LRFP,D,1,HA,66,10/1/2015
LRFP,A,8,CH,70,10/1/2015
LRFP,A,6,NS,71,10/1/2015
LRFP,A,9,CH,72,10/1/2015
LRFP,C,5,NS,73,10/1/2015
LRFP,I,1,MA,75,10/1/2015
LRFP,E,2,WA,76,10/1/2015
LRFP,C,2,CH,79,10/1/2015
LRFP,A,3,CH,82,10/1/2015
LRFP,D,11,WA,82,10/1/2015
LRFP,A,7,CH,93,10/1/2015
LRFP,A,4,CH,96,10/1/2015
LRFP,C,3,CH,103,10/1/2015
LRFP,D,4,EA,105,10/1/2015
LRFP,G,3,WA,109,10/1/2015
LRFP,B,2,CH,110,10/1/2015
LRFP,D,3,EA,110,10/1/2015
LRFP,I,2,EA,119,10/1/2015
LRFP,H,1,WA,124,10/1/2015
LRFP,C,4,NS,127,10/1/2015
LRFP,E,1,WA,140,10/1/2015
LRFP,B,1,NS,196,10/1/2015
LRFP,G,2,SF,225,10/1/2015
LRFP,A,5,SF,237,10/1/2015
LRFP,H,3,SF,250,10/1/2015
DPFP,B,3,Unknown,31,10/1/2015
DPFP,A,8,Dead,33,10/1/2015
DPFP,C,7,NS,36,10/1/2015
DPFP,B/C/E/F,1,Unknown,43,10/1/2015
DPFP,,1,LA,44,10/1/2015
DPFP,B,4,Unknown,46,10/1/2015
DPFP,G,4,NS,47,10/1/2015
DPFP,C,6,NS,53,10/1/2015
DPFP,D,3,NS,54,10/1/2015
DPFP,A,1,SF,64,10/1/2015
DPFP,A,6,SB,70,10/1/2015
DPFP,C,4,NS,70,10/1/2015
DPFP,D,2,NS,70,10/1/2015
DPFP,A,4,SF,77,10/1/2015
DPFP,A,7,SF,79,10/1/2015
DPFP,C,1,NS,85,10/1/2015
DPFP,F,5,Unknown,85,10/1/2015
DPFP,C,5,NS,86,10/1/2015
DPFP,B,2,Unknown,97,10/1/2015
DPFP,,4,SM,100,10/1/2015
DPFP,G,2,WA,104,10/1/2015
DPFP,,2,EA,104,10/1/2015
DPFP,,8,SF,104,10/1/2015
DPFP,,5,SF,106,10/1/2015
DPFP,F,4,Unknown,123,10/1/2015
DPFP,A,2,SF,124,10/1/2015
DPFP,G,5,WA,126,10/1/2015
DPFP,H,3,NS,135,10/1/2015
DPFP,A,5,SF,136,10/1/2015
DPFP,D,1,NS,139,10/1/2015
DPFP,B,1,Unknown,140,10/1/2015
DPFP,,3,EA,144,10/1/2015
DPFP,G,1,NS,145,10/1/2015
DPFP,,7,SF,149,10/1/2015
DPFP,H,1,LA,165,10/1/2015
DPFP,C,3,LA,170,10/1/2015
DPFP,F,6,Unknown,187,10/1/2015
DPFP,,6,SF,189,10/1/2015
DPFP,F,1,Unknown,194,10/1/2015
DPFP,F,3,Unknown,227,10/1/2015
DPFP,G,3,LA,244,10/1/2015
DPFP,F,2,Unknown,245,10/1/2015
DPFP,H,2,LA,200,10/1/2015
LSFP,E,5,NS,30,10/1/2015
LSFP,H,4,NS,33,10/1/2015
LSFP,I,3,NS,33,10/1/2015
LSFP,D,5,NS,35,10/1/2015
LSFP,I,4,NS,36,10/1/2015
LSFP,I,5,NS,36,10/1/2015
LSFP,F,1,NS,37,10/1/2015
LSFP,H,3,B,37,10/1/2015
LSFP,C,5,BA,38,10/1/2015
LSFP,E,4,MA,40,10/1/2015
LSFP,F,4,NS,41,10/1/2015
LSFP,H,1,SM,41,10/1/2015
LSFP,A,7,WA,42,10/1/2015
LSFP,D,12,B,43,10/1/2015
LSFP,D/E,1,NS,43,10/1/2015
LSFP,E,7,MA,43,10/1/2015
LSFP,F,7,MA,45,10/1/2015
LSFP,G,2,B,45,10/1/2015
LSFP,B,1,SF,46,10/1/2015
LSFP,I,1,B,48,10/1/2015
LSFP,B,3,NS,50,10/1/2015
LSFP,D,4,B,50,10/1/2015
LSFP,D,9,NS,50,10/1/2015
LSFP,B,2,SF,52,10/1/2015
LSFP,F,6,NS,53,10/1/2015
LSFP,D,2,NS,55,10/1/2015
LSFP,D,11,B,55,10/1/2015
LSFP,E,6,B,55,10/1/2015
LSFP,F,5,NS,57,10/1/2015
LSFP,A,6,NS,60,10/1/2015
LSFP,D,1,SM,60,10/1/2015
LSFP,B,4,FM,61,10/1/2015
LSFP,E,2,SM,61,10/1/2015
LSFP,G,1,SM,64,10/1/2015
LSFP,D,10,NS,66,10/1/2015
LSFP,A,4,NS,69,10/1/2015
LSFP,H,2,NS,70,10/1/2015
LSFP,E,3,NS,73,10/1/2015
LSFP,A,5,NS,76,10/1/2015
LSFP,E,8,NS,78,10/1/2015
LSFP,A,3,NS,80,10/1/2015
LSFP,D,6,NS,85,10/1/2015
LSFP,D,8,NS,85,10/1/2015
LSFP,F,3,NS,85,10/1/2015
LSFP,A,1,NS,86,10/1/2015
LSFP,C,2,NS,95,10/1/2015
LSFP,C,3,NS,101,10/1/2015
LSFP,C,1,SF,106,10/1/2015
LSFP,A,2,SF,111,10/1/2015
LSFP,E,1,NS,116,10/1/2015
LSFP,F,2,NS,125,10/1/2015
LSFP,E,9,SM,141,10/1/2015
LSFP,I,2,B,147,10/1/2015
LSFP,C,4,SF,185,10/1/2015
BGFP,C,7,EB,33,10/1/2015
BGFP,G,6,WA,37,10/1/2015
BGFP,C,6,EB,45,10/1/2015
BGFP,D,6,NS,50,10/1/2015
BGFP,C,5,NS,55,10/1/2015
BGFP,D,4,WA,55,10/1/2015
BGFP,G,5,WA,55,10/1/2015
BGFP,I,1,FM,56,10/1/2015
BGFP,A,1,NS,58,10/1/2015
BGFP,C,2,NS,59,10/1/2015
BGFP,D,3,SM,65,10/1/2015
BGFP,E,1,WA,70,10/1/2015
BGFP,H,3,WA,70,10/1/2015
BGFP,H,4,WA,87,10/1/2015
BGFP,G,1,SM,92,10/1/2015
BGFP,E,2,BA,99,10/1/2015
BGFP,C,1,NS,100,10/1/2015
BGFP,G,4,SF,100,10/1/2015
BGFP,H,2,LA,100,10/1/2015
BGFP,D,5,NS,105,10/1/2015
BGFP,H,1,LA,106,10/1/2015
BGFP,C,4,NS,108,10/1/2015
BGFP,A,2,NS,123,10/1/2015
BGFP,D,7,NS,125,10/1/2015
BGFP,H,5,WA,126,10/1/2015
BGFP,G,2,SF,130,10/1/2015
BGFP,G,7,LA,131,10/1/2015
BGFP,G,3,SF,142,10/1/2015
BGFP,G,8,LA,144,10/1/2015
BGFP,C,3,NS,169,10/1/2015
BGFP,H,6,LA,204,10/1/2015
BGFP,D,1,WA,432,10/1/2015
STFP,I,6,EB,30,10/1/2015
STFP,F,4,SF,31,10/1/2015
STFP,I,5,EB,31,10/1/2015
STFP,E,4,WE,32,10/1/2015
STFP,I,7,EB,32,10/1/2015
STFP,B,2,NS,33,10/1/2015
STFP,G,3,WB,35,10/1/2015
STFP,I,3,EB,38,10/1/2015
STFP,I,2,EB,41,10/1/2015
STFP,E,5,SM,44,10/1/2015
STFP,A/B,1,NS,45,10/1/2015
STFP,A,7,NS,59,10/1/2015
STFP,A,1,NS,61,10/1/2015
STFP,E,1,SF,61,10/1/2015
STFP,G,7,NS,61,10/1/2015
STFP,G,5,WB,64,10/1/2015
STFP,H,4,NS,64,10/1/2015
STFP,C,3,NS,66,10/1/2015
STFP,,1,SF,67,10/1/2015
STFP,B,4,NS,70,10/1/2015
STFP,A,2,NS,72,10/1/2015
STFP,C,8,EB,73,10/1/2015
STFP,I,4,EB,73,10/1/2015
STFP,A,8,NS,77,10/1/2015
STFP,A,6,NS,80,10/1/2015
STFP,A,5,NS,83,10/1/2015
STFP,G,2,WB,83,10/1/2015
STFP,G,4,WB,87,10/1/2015
STFP,C,7,SM,89,10/1/2015
STFP,G,1,WB,90,10/1/2015
STFP,B,3,NS,96,10/1/2015
STFP,E,2,SF,96,10/1/2015
STFP,C,4,EB,100,10/1/2015
STFP,E,3,SF,101,10/1/2015
STFP,A,4,NS,111,10/1/2015
STFP,H,5,NS,114,10/1/2015
STFP,H,3,NS,121,10/1/2015
STFP,C,2,NS,137,10/1/2015
STFP,F,1,EB,140,10/1/2015
STFP,B,1,SM,142,10/1/2015
STFP,C,6,NS,142,10/1/2015
STFP,G,6,NS,144,10/1/2015
STFP,I,1,EB,146,10/1/2015
STFP,C,1,NS,152,10/1/2015
STFP,C,5,NS,156,10/1/2015
STFP,E,6,LA,160,10/1/2015
STFP,H,1,NS,160,10/1/2015
STFP,H,2,NS,163,10/1/2015
STFP,A,3,NS,170,10/1/2015
STFP,B,5,NS,199,10/1/2015
STFP,F,2,NS,200,10/1/2015
STFP,F,3,SF,200,10/1/2015
CRFP,A,9,SF,32,10/1/2015
CRFP,C,2,SF,39,10/1/2015
CRFP,G,5,SF,43,10/1/2015
CRFP,B,4,SF,45,10/1/2015
CRFP,D,2,NS,45,10/1/2015
CRFP,H,1,FM,48,10/1/2015
CRFP,I,1,NS,48,10/1/2015
CRFP,E,1,NS,50,10/1/2015
CRFP,A,5,SM,58,10/1/2015
CRFP,A,1,NS,60,10/1/2015
CRFP,G,3,Holly,62,10/1/2015
CRFP,B,5,NS,64,10/1/2015
CRFP,B,8,SF,64,10/1/2015
CRFP,I,3,NS,64,10/1/2015
CRFP,G,1,NS,65,10/1/2015
CRFP,G,2,NS,69,10/1/2015
CRFP,D,1,NS,70,10/1/2015
CRFP,B,9,NS,75,10/1/2015
CRFP,C,1,EB,80,10/1/2015
CRFP,I,2,NS,80,10/1/2015
CRFP,A,8,SM,90,10/1/2015
CRFP,A,3,NS,98,10/1/2015
CRFP,B,3,NS,99,10/1/2015
CRFP,F,2,NS,100,10/1/2015
CRFP,B,6,NS,104,10/1/2015
CRFP,B,7,LA,109,10/1/2015
CRFP,A,6,WB,110,10/1/2015
CRFP,B,2,NS,113,10/1/2015
CRFP,A,7,NS,120,10/1/2015
CRFP,H,2,WA,123,10/1/2015
CRFP,D,3,WA,130,10/1/2015
CRFP,E,2,NS,130,10/1/2015
CRFP,G,4,NS,141,10/1/2015
CRFP,F,1,NS,144,10/1/2015
CRFP,F,3,NS,145,10/1/2015
CRFP,A,4,Dead,180,10/1/2015
CRFP,B,1,LA,196,10/1/2015
BEFP,F,1,LA,31,10/1/2015
BEFP,A,6,EA,32,10/1/2015
BEFP,I,5,NS,34,10/1/2015
BEFP,F,2,LA,35,10/1/2015
BEFP,B,2,NS,37,10/1/2015
BEFP,D,4,NS,37,10/1/2015
BEFP,F,4,LA,37,10/1/2015
BEFP,D,6,NS,41,10/1/2015
BEFP,E,3,NS,43,10/1/2015
BEFP,G,3,NS,43,10/1/2015
BEFP,G,5,NS,43,10/1/2015
BEFP,H,1,NS,43,10/1/2015
BEFP,F,7,NS,44,10/1/2015
BEFP,G,6,NS,44,10/1/2015
BEFP,G,1,NS,45,10/1/2015
BEFP,G,7,NS,46,10/1/2015
BEFP,G,4,NS,47,10/1/2015
BEFP,D,7,NS,50,10/1/2015
BEFP,D,3,NS,52,10/1/2015
BEFP,D,1,NS,53,10/1/2015
BEFP,I,6,SM,56,10/1/2015
BEFP,E,5,NS,58,10/1/2015
BEFP,I,4,NS,60,10/1/2015
BEFP,A,2,NS,62,10/1/2015
BEFP,C,4,NS,62,10/1/2015
BEFP,E,4,NS,64,10/1/2015
BEFP,C,2,NS,64,10/1/2015
BEFP,B,4,NS,65,10/1/2015
BEFP,G,2,NS,66,10/1/2015
BEFP,C,3,NS,68,10/1/2015
BEFP,D,5,NS,70,10/1/2015
BEFP,I,1,NS,73,10/1/2015
BEFP,I,2,NS,75,10/1/2015
BEFP,I,3,NS,79,10/1/2015
BEFP,B,1,NS,81,10/1/2015
BEFP,C,5,NS,83,10/1/2015
BEFP,A,4,NS,112,10/1/2015
BEFP,C,6,NS,120,10/1/2015
BEFP,F,6,SB,140,10/1/2015
BEFP,F,5,SB,160,10/1/2015
BPFP,E,1,NS,39,10/1/2015
BPFP,G,1,EA,43,10/1/2015
BPFP,E,2,SM,46,10/1/2015
BPFP,C,7,NS,53,10/1/2015
BPFP,C,3,NS,69,10/1/2015
BPFP,F,1,LA,84,10/1/2015
BPFP,G,2,SF,87,10/1/2015
BPFP,C,6,NS,88,10/1/2015
BPFP,F,2,LA,89,10/1/2015
BPFP,C,1,NS,98,10/1/2015
BPFP,F,4,LA,98,10/1/2015
BPFP,A,2,NS,104,10/1/2015
BPFP,I,1,NS,118,10/1/2015
BPFP,C,5,NS,121,10/1/2015
BPFP,I,2,NS,140,10/1/2015
BPFP,C,4,NS,142,10/1/2015
BPFP,I,3,NS,143,10/1/2015
BPFP,B,3,NS,160,10/1/2015
BPFP,B,1,NS,173,10/1/2015
BPFP,B,2,NS,182,10/1/2015
BPFP,C,2,NS,190,10/1/2015
BPFP,A,1,NS,200,10/1/2015
BPFP,F,5,NS,200,10/1/2015
BPFP,F,3,LA,225,10/1/2015
BPFP,D,1,NS,263,10/1/2015
SOFP,A,12,NS,30,10/1/2015
SOFP,H,6,NS,30,10/1/2015
SOFP,H,5,NS,40,10/1/2015
SOFP,B,2,NS,41,10/1/2015
SOFP,H,4,NS,50,10/1/2015
SOFP,I,2,NS,50,10/1/2015
SOFP,A,11,NS,60,10/1/2015
SOFP,A,8,NS,61,10/1/2015
SOFP,C,2,NS,66,10/1/2015
SOFP,A,3,NS,69,10/1/2015
SOFP,A,7,NS,70,10/1/2015
SOFP,A,2,NS,73,10/1/2015
SOFP,I,3,NS,75,10/1/2015
SOFP,D,1,NS,84,10/1/2015
SOFP,H,7,NS,92,10/1/2015
SOFP,A,5,NS,139,10/1/2015
SOFP,I,1,NS,170,10/1/2015
SOFP,F,1,NS,176,10/1/2015
SOFP,H,1,NS,190,10/1/2015
SOFP,A,4,NS,200,10/1/2015
SOFP,A,6,NS,200,10/1/2015
SOFP,A,10,NS,200,10/1/2015
SOFP,A,9,NS,205,10/1/2015
SOFP,F,2,NS,210,10/1/2015
SOFP,H,3,NS,210,10/1/2015
SOFP,E,1,NS,259,10/1/2015
SOFP,H,2,NS,270,10/1/2015
SOFP,C,3,NS,295,10/1/2015
SOFP,D,2,NS,330,10/1/2015
SOFP,A,1,NS,364,10/1/2015
RIFP,A,2,NS,32,10/1/2015
RIFP,B,1,NS,33,10/1/2015
RIFP,E,2,NS,37,10/1/2015
RIFP,I,4,NS,37,10/1/2015
RIFP,A,1,NS,38,10/1/2015
RIFP,I,2,NS,42,10/1/2015
RIFP,G,2,NS,46,10/1/2015
RIFP,G,1,NS,60,10/1/2015
RIFP,I,3,NS,74,10/1/2015
RIFP,D,3,NS,80,10/1/2015
RIFP,E,1,NS,86,10/1/2015
RIFP,D,2,NS,90,10/1/2015
RIFP,D,4,NS,151,10/1/2015
RIFP,E,3,NS,163,10/1/2015
PDFP,A,3,SF,31,10/1/2015
PDFP,D,3,Unknown,35,10/1/2015
PDFP,H,7,SF,35,10/1/2015
PDFP,I,5,UC,38,10/1/2015
PDFP,C,2,SF,39,10/1/2015
PDFP,I,3,SF,39,10/1/2015
PDFP,G,3,EA,43,10/1/2015
PDFP,H,5,UC,45,10/1/2015
PDFP,E,6,Unknown,46,10/1/2015
PDFP,A,2,SF,48,10/1/2015
PDFP,A,15,SF,51,10/1/2015
PDFP,D,4,Unknown,52,10/1/2015
PDFP,E,1,Unknown,55,10/1/2015
PDFP,H,1,EA,55,10/1/2015
PDFP,F,3,Unknown,56,10/1/2015
PDFP,I,6,UC,58,10/1/2015
PDFP,A,10,SF,60,10/1/2015
PDFP,F,1,Unknown,60,10/1/2015
PDFP,G,6,UD,60,10/1/2015
PDFP,H,2,EA,60,10/1/2015
PDFP,A,14,SF,62,10/1/2015
PDFP,H,6,UC,65,10/1/2015
PDFP,F,2,Unknown,67,10/1/2015
PDFP,C,3,SF,67,10/1/2015
PDFP,C,1,Unknown,69,10/1/2015
PDFP,I,4,UD,70,10/1/2015
PDFP,A,4,SF,72,10/1/2015
PDFP,A,1,SF,74,10/1/2015
PDFP,A,9,SF,77,10/1/2015
PDFP,E,5,Unknown,78,10/1/2015
PDFP,A,5,SF,79,10/1/2015
PDFP,I,2,UC,80,10/1/2015
PDFP,A,8,EA,82,10/1/2015
PDFP,A,6,SF,84,10/1/2015
PDFP,D,1,Unknown,91,10/1/2015
PDFP,A,13,EA,99,10/1/2015
PDFP,E,8,Unknown,100,10/1/2015
PDFP,A,12,SF,101,10/1/2015
PDFP,A,7,EA,102,10/1/2015
PDFP,E,7,Unknown,102,10/1/2015
PDFP,G,2,NS,105,10/1/2015
PDFP,G,4,UC,106,10/1/2015
PDFP,D,2,Unknown,110,10/1/2015
PDFP,G,1,UD,116,10/1/2015
PDFP,H,3,EA,118,10/1/2015
PDFP,E,2,Unknown,120,10/1/2015
PDFP,E,3,Unknown,120,10/1/2015
PDFP,E,4,Unknown,120,10/1/2015
PDFP,G,5,UC,133,10/1/2015
PDFP,A,11,EA,134,10/1/2015
PDFP,H,4,UC,148,10/1/2015
PDFP,G,7,UC,163,10/1/2015
PDFP,F,4,Unknown,190,10/1/2015
PDFP,I,1,UC,256,10/1/2015
PDFP,I,7,UC,265,10/1/2015
LRFP,H,2,SF,67,5/1/2016
LRFP,B,1,WF,76,5/1/2016
LRFP,C,2,WF,79,5/1/2016
LRFP,B,2,WF,80,5/1/2016
LRFP,A,2,WF,106,5/1/2016
LRFP,D,1,unknown,107,5/1/2016
LRFP,D,3,WF,111,5/1/2016
LRFP,D,4,WF,112,5/1/2016
LRFP,,1,WF,114,5/1/2016
LRFP,C,3,WF,118,5/1/2016
LRFP,E,2,unknown,125,5/1/2016
LRFP,I,1,SF,152,5/1/2016
LRFP,F,1,WA,183,5/1/2016
LRFP,A,1,SF,190,5/1/2016
LRFP,H,1,NM,205,5/1/2016
LRFP,D,2,SF,233,5/1/2016
LRFP,E,1,unknown,260,5/1/2016
LRFP,C,1,WF,263,5/1/2016
LRFP,F,2,SF,265,5/1/2016
LSFP,H,2,NS,33,5/1/2016
LSFP,D,2,NS,34,5/1/2016
LSFP,I,1,NS,34,5/1/2016
LSFP,I,2,NS,34,5/1/2016
LSFP,G,2,NM,35,5/1/2016
LSFP,H,4,UD,36,5/1/2016
LSFP,E,4,UD,38,5/1/2016
LSFP,C,3,UD,39,5/1/2016
LSFP,F,2,UD,39,5/1/2016
LSFP,H,1,UD,40,5/1/2016
LSFP,G,1,UD,41,5/1/2016
LSFP,E,8,UC,42,5/1/2016
LSFP,D,6,NS,43,5/1/2016
LSFP,E,6,UD,43,5/1/2016
LSFP,A,5,UD,44,5/1/2016
LSFP,F,5,UD,45,5/1/2016
LSFP,B,2,UC,46,5/1/2016
LSFP,I,3,UD,46,5/1/2016
LSFP,E,1,UC,50,5/1/2016
LSFP,B,1,UC,51,5/1/2016
LSFP,D,1,UC,52,5/1/2016
LSFP,I,4,UD,54,5/1/2016
LSFP,A,4,NS,58,5/1/2016
LSFP,E,2,UD,60,5/1/2016
LSFP,B,3,SM,62,5/1/2016
LSFP,A,1,NS,65,5/1/2016
LSFP,D,4,NS,65,5/1/2016
LSFP,H,3,NS,65,5/1/2016
LSFP,E,3,NS,70,5/1/2016
LSFP,E,5,UD,70,5/1/2016
LSFP,A,2,NS,73,5/1/2016
LSFP,D,5,UD,75,5/1/2016
LSFP,A,8,NS,78,5/1/2016
LSFP,E,7,NS,78,5/1/2016
LSFP,A,7,NS,81,5/1/2016
LSFP,A,9,NS,84,5/1/2016
LSFP,F,1,NS,84,5/1/2016
LSFP,A,6,NS,86,5/1/2016
LSFP,C,4,UC,86,5/1/2016
LSFP,C,2,NS,91,5/1/2016
LSFP,D,3,UD,95,5/1/2016
LSFP,C,1,UC,96,5/1/2016
LSFP,F,4,NS,96,5/1/2016
LSFP,B,4,NS,98,5/1/2016
LSFP,A,3,NS,104,5/1/2016
LSFP,H,5,SP,115,5/1/2016
LSFP,F,3,NS,118,5/1/2016
LSFP,I,5,UD,143,5/1/2016
LSFP,E,9,NM,150,5/1/2016
STFP,I,2,UC,38,5/1/2016
STFP,H,3,NS,65,5/1/2016
STFP,G,1,NS,78,5/1/2016
STFP,H,1,NS,80,5/1/2016
STFP,G,2,UC,84,5/1/2016
STFP,C,3,NS,89,5/1/2016
STFP,E,2,UC,89,5/1/2016
STFP,A,1,NS,99,5/1/2016
STFP,B,3,NS,99,5/1/2016
STFP,H,2,HB,110,5/1/2016
STFP,E,1,NS,118,5/1/2016
STFP,F,1,HB,129,5/1/2016
STFP,C,2,EA,138,5/1/2016
STFP,A,2,NS,142,5/1/2016
STFP,B,2,EA,142,5/1/2016
STFP,B,1,EA,144,5/1/2016
STFP,H,6,UC,146,5/1/2016
STFP,C,1,HB,149,5/1/2016
STFP,I,1,HB,149,5/1/2016
STFP,E,3,HB,163,5/1/2016
STFP,A,3,UC,174,5/1/2016
STFP,H,4,EA,183,5/1/2016
STFP,H,5,UD,210,5/1/2016
STFP,F,2,UC,215,5/1/2016
STFP,F,3,UD,219,5/1/2016
STFP,G,3,UD,300,5/1/2016
CRFP,A,4,NS,62,5/1/2016
CRFP,B,2,CH,77,5/1/2016
CRFP,A,3,NS,92,5/1/2016
CRFP,A,5,CH,105,5/1/2016
CRFP,B,1,NS,108,5/1/2016
CRFP,E,3,SF,110,5/1/2016
CRFP,E,2,NS,119,5/1/2016
CRFP,H,1,EB,122,5/1/2016
CRFP,D,1,NS,123,5/1/2016
CRFP,E,1,NS,124,5/1/2016
CRFP,G,2,SF,137,5/1/2016
CRFP,E,4,NS,142,5/1/2016
CRFP,G,1,NS,156,5/1/2016
CRFP,I,1,UD,160,5/1/2016
CRFP,A,2,NS,170,5/1/2016
CRFP,A,1,NS,176,5/1/2016
BRFP1,B,5,SF,32,5/1/2016
BRFP1,D,4,LA,32,5/1/2016
BRFP1,A,6,SF,43,5/1/2016
BRFP1,D,2,SF,45,5/1/2016
BRFP1,A,4,SF,53,5/1/2016
BRFP1,D,3,SF,56,5/1/2016
BRFP1,I,5,SF,56,5/1/2016
BRFP1,G,5,SF,60,5/1/2016
BRFP1,G,4,SF,62,5/1/2016
BRFP1,H,5,SF,62,5/1/2016
BRFP1,B,8,SF,64,5/1/2016
BRFP1,C,2,SF,64,5/1/2016
BRFP1,A,5,SF,68,5/1/2016
BRFP1,B,2,SF,71,5/1/2016
BRFP1,B,3,SF,73,5/1/2016
BRFP1,A,1,SF,74,5/1/2016
BRFP1,H,4,SF,74,5/1/2016
BRFP1,A,3,SF,75,5/1/2016
BRFP1,A,2,SF,79,5/1/2016
BRFP1,D,5,SF,79,5/1/2016
BRFP1,A,7,SF,89,5/1/2016
BRFP1,E,5,SF,89,5/1/2016
BRFP1,I,2,SF,89,5/1/2016
BRFP1,B,1,Unknown,90,5/1/2016
BRFP1,F,3,SF,90,5/1/2016
BRFP1,I,1,SF,92,5/1/2016
BRFP1,E,6,LA,93,5/1/2016
BRFP1,D,6,SF,95,5/1/2016
BRFP1,E,1,SF,96,5/1/2016
BRFP1,I,4,SF,96,5/1/2016
BRFP1,B,10,SF,97,5/1/2016
BRFP1,G,1,SF,97,5/1/2016
BRFP1,B,7,SF,100,5/1/2016
BRFP1,C,1,SF,102,5/1/2016
BRFP1,E,2,LA,106,5/1/2016
BRFP1,A,8,SF,108,5/1/2016
BRFP1,B,9,SF,108,5/1/2016
BRFP1,E,4,LA,109,5/1/2016
BRFP1,B,4,SF,110,5/1/2016
BRFP1,G,3,SF,116,5/1/2016
BRFP1,H,6,SF,116,5/1/2016
BRFP1,F,1,LA,118,5/1/2016
BRFP1,F,2,SF,121,5/1/2016
BRFP1,H,1,SF,123,5/1/2016
BRFP1,H,2,SF,124,5/1/2016
BRFP1,E,3,LA,126,5/1/2016
BRFP1,B,6,SF,127,5/1/2016
BRFP1,C,3,LA,128,5/1/2016
BRFP1,I,3,SF,129,5/1/2016
BRFP1,H,7,SF,132,5/1/2016
BRFP1,D,1,LA,133,5/1/2016
BRFP1,C,4,LA,135,5/1/2016
BRFP1,G,2,SF,138,5/1/2016
BRFP1,H,3,SF,138,5/1/2016
BRFP2,C,3,LA,37,5/1/2016
BRFP2,B,3,LA,54,5/1/2016
BRFP2,G,2,LA,74,5/1/2016
BRFP2,A,4,LA,81,5/1/2016
BRFP2,A,3,LA,83,5/1/2016
BRFP2,A,5,LA,86,5/1/2016
BRFP2,D,2,LA,87,5/1/2016
BRFP2,I,1,LA,88,5/1/2016
BRFP2,G,5,LA,89,5/1/2016
BRFP2,B,5,LA,90,5/1/2016
BRFP2,A,2,LA,93,5/1/2016
BRFP2,H,1,LA,93,5/1/2016
BRFP2,E,3,LA,95,5/1/2016
BRFP2,G,4,LA,95,5/1/2016
BRFP2,C,1,LA,96,5/1/2016
BRFP2,C,4,LA,96,5/1/2016
BRFP2,D,3,LA,98,5/1/2016
BRFP2,B,2,SP,103,5/1/2016
BRFP2,E,1,LA,103,5/1/2016
BRFP2,G,3,LA,103,5/1/2016
BRFP2,D,1,LA,110,5/1/2016
BRFP2,B,4,LA,120,5/1/2016
BRFP2,C,2,LA,120,5/1/2016
BRFP2,F,1,LA,120,5/1/2016
BRFP2,B,1,LA,125,5/1/2016
BRFP2,A,1,LA,135,5/1/2016
BRFP2,E,2,LA,136,5/1/2016
BRFP2,G,1,LA,144,5/1/2016
BEFP1,H,3,Unknown,44,5/1/2016
BEFP1,B,2,Unknown,49,5/1/2016
BEFP1,I,1,Unknown,50,5/1/2016
BEFP1,B,3,Unknown,52,5/1/2016
BEFP1,A,2,Unknown,53,5/1/2016
BEFP1,C,1,Unknown,62,5/1/2016
BEFP1,F,3,Unknown,62,5/1/2016
BEFP1,A,4,Unknown,63,5/1/2016
BEFP1,H,4,Unknown,69,5/1/2016
BEFP1,C,2,Unknown,72,5/1/2016
BEFP1,E,1,Unknown,72,5/1/2016
BEFP1,G,5,Unknown,78,5/1/2016
BEFP1,A,9,Unknown,86,5/1/2016
BEFP1,G,6,Unknown,87,5/1/2016
BEFP1,A,8,Unknown,88,5/1/2016
BEFP1,G,4,Unknown,90,5/1/2016
BEFP1,A,6,Unknown,94,5/1/2016
BEFP1,H,2,Unknown,97,5/1/2016
BEFP1,H,1,Unknown,99,5/1/2016
BEFP1,D,1,Unknown,102,5/1/2016
BEFP1,E,3,Unknown,112,5/1/2016
BEFP1,I,2,Unknown,114,5/1/2016
BEFP1,D,3,Unknown,117,5/1/2016
BEFP1,D,4,Unknown,122,5/1/2016
BEFP1,E,2,Unknown,122,5/1/2016
BEFP1,A,1,Unknown,130,5/1/2016
BEFP1,A,5,Unknown,130,5/1/2016
BEFP1,F,2,Unknown,132,5/1/2016
BEFP1,G,2,Unknown,132,5/1/2016
BEFP1,A,7,Unknown,134,5/1/2016
BEFP1,G,3,Unknown,140,5/1/2016
BEFP1,C,3,Unknown,142,5/1/2016
BEFP1,G,1,Unknown,142,5/1/2016
BEFP1,A,3,Unknown,148,5/1/2016
BEFP1,F,1,Unknown,149,5/1/2016
BEFP1,D,2,Unknown,203,5/1/2016
BEFP2,F,10,NS,33,5/1/2016
BEFP2,C,4,NS,35,5/1/2016
BEFP2,F,9,NS,36,5/1/2016
BEFP2,D,1,SM,37,5/1/2016
BEFP2,B,5,NS,42,5/1/2016
BEFP2,I,4,NS,43,5/1/2016
BEFP2,I,6,NS,43,5/1/2016
BEFP2,A,1,NS,45,5/1/2016
BEFP2,I,5,NS,45,5/1/2016
BEFP2,I,3,NS,46,5/1/2016
BEFP2,B,3,NS,50,5/1/2016
BEFP2,B,6,SM,53,5/1/2016
BEFP2,A,2,NS,55,5/1/2016
BEFP2,E,2,NS,55,5/1/2016
BEFP2,C,7,NS,56,5/1/2016
BEFP2,I,7,NS,57,5/1/2016
BEFP2,E,1,NS,63,5/1/2016
BEFP2,I,2,NS,63,5/1/2016
BEFP2,E,4,NS,65,5/1/2016
BEFP2,C,3,NS,66,5/1/2016
BEFP2,D,2,NS,69,5/1/2016
BEFP2,F,5,UD,72,5/1/2016
BEFP2,A,3,NS,78,5/1/2016
BEFP2,E,3,NS,78,5/1/2016
BEFP2,C,1,NS,79,5/1/2016
BEFP2,B,2,NS,80,5/1/2016
BEFP2,B,1,NS,82,5/1/2016
BEFP2,C,6,NS,83,5/1/2016
BEFP2,B,4,NS,84,5/1/2016
BEFP2,C,8,NS,90,5/1/2016
BEFP2,C,2,NS,93,5/1/2016
BEFP2,C,5,NS,113,5/1/2016
BEFP2,F,7,SP,139,5/1/2016
BEFP2,F,8,NS,156,5/1/2016
BEFP2,F,6,NS,176,5/1/2016
BEFP2,I,1,NS,180,5/1/2016
BPFP,H,2,SF,73,5/1/2016
BPFP,B,1,SF,91,5/1/2016
BPFP,I,3,SF,94,5/1/2016
BPFP,I,1,SF,102,5/1/2016
BPFP,H,3,SF,104,5/1/2016
BPFP,H,5,SF,130,5/1/2016
BPFP,H,4,SF,135,5/1/2016
BPFP,I,2,SF,143,5/1/2016
BPFP,B,3,SF,144,5/1/2016
BPFP,A,3,SF,163,5/1/2016
BPFP,H,1,SF,163,5/1/2016
BPFP,G,2,SF,165,5/1/2016
BPFP,B,2,SF,167,5/1/2016
BPFP,F,2,SF,177,5/1/2016
BPFP,G,1,SF,177,5/1/2016
BPFP,A,2,SF,178,5/1/2016
BPFP,D,3,SF,178,5/1/2016
BPFP,C,1,SF,179,5/1/2016
BPFP,F,1,SF,192,5/1/2016
BPFP,G,3,SF,204,5/1/2016
BPFP,D,1,SF,207,5/1/2016
BPFP,A,1,SF,210,5/1/2016
BPFP,D,2,SF,213,5/1/2016
BPFP,E,1,SF,265,5/1/2016
BPFP,A,4,SF,270,5/1/2016
SOFP,H,5,NS,68,5/1/2016
SOFP,H,2,NS,70,5/1/2016
SOFP,I,2,NS,83,5/1/2016
SOFP,C,3,NS,84,5/1/2016
SOFP,B,4,NS,87,5/1/2016
SOFP,C,1,NS,89,5/1/2016
SOFP,A,3,NS,95,5/1/2016
SOFP,A,2,NS,97,5/1/2016
SOFP,I,1,NS,107,5/1/2016
SOFP,C,2,NS,108,5/1/2016
SOFP,H,3,NS,120,5/1/2016
SOFP,E,2,NS,123,5/1/2016
SOFP,A,1,NS,126,5/1/2016
SOFP,I,5,NS,139,5/1/2016
SOFP,I,3,NS,142,5/1/2016
SOFP,A,4,NS,170,5/1/2016
SOFP,B,1,NS,171,5/1/2016
SOFP,H,1,NS,172,5/1/2016
SOFP,B,3,NS,176,5/1/2016
SOFP,H,4,NS,179,5/1/2016
SOFP,I,4,NS,180,5/1/2016
SOFP,E,1,NS,186,5/1/2016
SOFP,B,2,NS,198,5/1/2016
SOFP,F,1,NS,205,5/1/2016
SOFP,F,2,NS,228,5/1/2016
SOFP,G,1,NS,251,5/1/2016
PDFP,H,2,SP,31,5/1/2016
PDFP,H,1,SP,33,5/1/2016
PDFP,I,4,SF,38,5/1/2016
PDFP,E,2,SF,40,5/1/2016
PDFP,E,5,EB,42,5/1/2016
PDFP,E,1,SF,43,5/1/2016
PDFP,H,3,SP,43,5/1/2016
PDFP,D,6,SF,45,5/1/2016
PDFP,D,3,SF,49,5/1/2016
PDFP,D,4,SF,49,5/1/2016
PDFP,I,3,EB,52,5/1/2016
PDFP,F,1,EB,53,5/1/2016
PDFP,F,4,SF,54,5/1/2016
PDFP,E,3,SF,58,5/1/2016
PDFP,I,2,SP,60,5/1/2016
PDFP,C,2,SF,64,5/1/2016
PDFP,C,1,SF,66,5/1/2016
PDFP,E,6,EB,68,5/1/2016
PDFP,H,4,NS,79,5/1/2016
PDFP,I,1,EB,80,5/1/2016
PDFP,F,5,EB,86,5/1/2016
PDFP,B,2,EB,89,5/1/2016
PDFP,C,4,EB,96,5/1/2016
PDFP,C,5,SF,103,5/1/2016
PDFP,H,5,NS,109,5/1/2016
PDFP,F,2,SF,110,5/1/2016
PDFP,D,5,SF,117,5/1/2016
PDFP,E,4,EB,122,5/1/2016
PDFP,H,7,NS,139,5/1/2016
PDFP,D,2,EB,142,5/1/2016
PDFP,G,1,EB,145,5/1/2016
PDFP,I,5,EB,150,5/1/2016
PDFP,A,3,SF,165,5/1/2016
PDFP,A,1,SF,170,5/1/2016
PDFP,A,2,EB,175,5/1/2016
PDFP,C,3,EB,176,5/1/2016
PDFP,H,6,NS,186,5/1/2016
PDFP,F,3,SF,188,5/1/2016
PDFP,D,1,EB,202,5/1/2016
PDFP,B,1,SF,203,5/1/2016
LRFP,A,5,EA,32,10/11/2016
LRFP,A,3,NS,51,10/11/2016
LRFP,A,1,EB,53,10/11/2016
LRFP,A,8,NS,54,10/11/2016
LRFP,A,10,EA,56,10/11/2016
LRFP,A,2,EB,57,10/11/2016
LRFP,B,1,NS,60,10/11/2016
LRFP,A,4,EB,61,10/11/2016
LRFP,A,6,NS,62,10/11/2016
LRFP,C,6,EB,62,10/11/2016
LRFP,G,4,HA,63,10/11/2016
LRFP,A,9,EB,65,10/11/2016
LRFP,C,8,NS,68,10/11/2016
LRFP,C,3,EB,69,10/11/2016
LRFP,C,5,HA,70,10/11/2016
LRFP,D,5,EB,72,10/11/2016
LRFP,H,2,HA,72,10/11/2016
LRFP,A,7,EA,73,10/11/2016
LRFP,B,2,EB,75,10/11/2016
LRFP,D,1,EB,78,10/11/2016
LRFP,B,5,NS,79,10/11/2016
LRFP,B,4,EB,81,10/11/2016
LRFP,G,7,EB,81,10/11/2016
LRFP,I,8,SF,82,10/11/2016
LRFP,G,2,EB,85,10/11/2016
LRFP,I,4,EA,85,10/11/2016
LRFP,C,7,EB,86,10/11/2016
LRFP,C,2,SF,87,10/11/2016
LRFP,H,4,NS,87,10/11/2016
LRFP,D,4,EA,88,10/11/2016
LRFP,H,6,EB,91,10/11/2016
LRFP,D,2,EB,93,10/11/2016
LRFP,D,7,SF,93,10/11/2016
LRFP,G,5,NS,93,10/11/2016
LRFP,I,2,EB,93,10/11/2016
LRFP,H,3,EB,98,10/11/2016
LRFP,C,4,NS,103,10/11/2016
LRFP,D,3,NS,104,10/11/2016
LRFP,D,6,NS,104,10/11/2016
LRFP,G,3,EB,104,10/11/2016
LRFP,B,3,SF,105,10/11/2016
LRFP,H,1,NS,109,10/11/2016
LRFP,I,6,EB,109,10/11/2016
LRFP,H,5,EB,117,10/11/2016
LRFP,I,3,EB,124,10/11/2016
LRFP,G,6,NS,127,10/11/2016
LRFP,C,1,NS,132,10/11/2016
LRFP,E,4,EB,132,10/11/2016
LRFP,E,1,EB,141,10/11/2016
LRFP,I,5,NS,141,10/11/2016
LRFP,I,1,NS,148,10/11/2016
LRFP,F,3,NS,150,10/11/2016
LRFP,I,7,NS,162,10/11/2016
LRFP,E,3,SF,170,10/11/2016
LRFP,F,1,EB,171,10/11/2016
LRFP,E,2,EA,204,10/11/2016
LRFP,E,5,NS,212,10/11/2016
LRFP,F,2,EB,223,10/11/2016
LRFP,G,1,EB,302,10/11/2016
LRFP,F,4,NS,310,10/11/2016
DPFP,I,8,SF,34,10/11/2016
DPFP,I,6,SF,38,10/11/2016
DPFP,I,7,UD,39,10/11/2016
DPFP,C,4,SF,42,10/11/2016
DPFP,B,4,SF,44,10/11/2016
DPFP,E,2,SF,44,10/11/2016
DPFP,F,1,EB,48,10/11/2016
DPFP,I,4,SF,48,10/11/2016
DPFP,G,5,NS,48,10/11/2016
DPFP,D,1,NS,52,10/11/2016
DPFP,B,1,EB,54,10/11/2016
DPFP,C,2,EB,69,10/11/2016
DPFP,A,1,SF,70,10/11/2016
DPFP,A,2,EB,72,10/11/2016
DPFP,G,3,FM,74,10/11/2016
DPFP,B,2,EB,77,10/11/2016
DPFP,A,5,EB,81,10/11/2016
DPFP,A,4,CH,85,10/11/2016
DPFP,B,3,NS,96,10/11/2016
DPFP,E,1,EB,98,10/11/2016
DPFP,B,5,EB,101,10/11/2016
DPFP,G,2,WA,102,10/11/2016
DPFP,C,3,UD,109,10/11/2016
DPFP,I,3,NS,116,10/11/2016
DPFP,I,9,NS,121,10/11/2016
DPFP,A,3,NS,139,10/11/2016
DPFP,G,1,WA,142,10/11/2016
DPFP,I,5,UD,144,10/11/2016
DPFP,E,3,EB,145,10/11/2016
DPFP,F,3,SF,146,10/11/2016
DPFP,C,5,EB,156,10/11/2016
DPFP,H,4,NS,163,10/11/2016
DPFP,H,2,NS,178,10/11/2016
DPFP,I,1,EB,178,10/11/2016
DPFP,F,2,UD,183,10/11/2016
DPFP,I,2,NS,198,10/11/2016
DPFP,C,1,UD,216,10/11/2016
DPFP,G,4,SF,220,10/11/2016
DPFP,H,1,NS,250,10/11/2016
DPFP,H,5,NS,270,10/11/2016
LSFP,E,4,unknown,30,10/11/2016
LSFP,E,9,unknown,31,10/11/2016
LSFP,I,5,unknown,31,10/11/2016
LSFP,D,1,unknown,33,10/11/2016
LSFP,I,4,unknown,33,10/11/2016
LSFP,F,2,unknown,35,10/11/2016
LSFP,F,4,unknown,35,10/11/2016
LSFP,G,6,unknown,35,10/11/2016
LSFP,I,3,unknown,35,10/11/2016
LSFP,G,1,unknown,36,10/11/2016
LSFP,D,6,unknown,39,10/11/2016
LSFP,F,6,unknown,40,10/11/2016
LSFP,C,1,unknown,41,10/11/2016
LSFP,I,6,unknown,43,10/11/2016
LSFP,D,5,unknown,44,10/11/2016
LSFP,I,2,unknown,46,10/11/2016
LSFP,G,2,unknown,47,10/11/2016
LSFP,A,5,unknown,48,10/11/2016
LSFP,B,1,unknown,48,10/11/2016
LSFP,H,1,unknown,48,10/11/2016
LSFP,A,4,unknown,52,10/11/2016
LSFP,B,2,unknown,53,10/11/2016
LSFP,E,3,unknown,53,10/11/2016
LSFP,E,5,unknown,53,10/11/2016
LSFP,C,3,unknown,55,10/11/2016
LSFP,E,7,unknown,59,10/11/2016
LSFP,E,2,unknown,62,10/11/2016
LSFP,H,3,unknown,62,10/11/2016
LSFP,D,2,unknown,63,10/11/2016
LSFP,G,3,unknown,66,10/11/2016
LSFP,B,3,unknown,68,10/11/2016
LSFP,D,4,unknown,68,10/11/2016
LSFP,A,8,unknown,69,10/11/2016
LSFP,E,8,unknown,71,10/11/2016
LSFP,D,3,unknown,72,10/11/2016
LSFP,G,5,unknown,78,10/11/2016
LSFP,F,8,unknown,80,10/11/2016
LSFP,F,7,unknown,82,10/11/2016
LSFP,F,3,unknown,83,10/11/2016
LSFP,A,9,unknown,85,10/11/2016
LSFP,A,3,unknown,88,10/11/2016
LSFP,A,7,unknown,89,10/11/2016
LSFP,G,4,unknown,90,10/11/2016
LSFP,A,2,unknown,94,10/11/2016
LSFP,C,2,unknown,99,10/11/2016
LSFP,E,1,unknown,101,10/11/2016
LSFP,A,1,unknown,102,10/11/2016
LSFP,A,6,unknown,105,10/11/2016
LSFP,C,4,unknown,107,10/11/2016
LSFP,F,1,unknown,115,10/11/2016
LSFP,I,1,unknown,135,10/11/2016
LSFP,H,2,unknown,144,10/11/2016
BGFP,A,10,EA,30,10/11/2016
BGFP,A,17,EA,30,10/11/2016
BGFP,F,9,FM,30,10/11/2016
BGFP,C,4,UD,31,10/11/2016
BGFP,G,9,SM,32,10/11/2016
BGFP,A,18,EA,33,10/11/2016
BGFP,A,5,FM,34,10/11/2016
BGFP,D,7,FM,34,10/11/2016
BGFP,F,3,FM,34,10/11/2016
BGFP,E,2,FM,35,10/11/2016
BGFP,C,2,BA,37,10/11/2016
BGFP,C,5,SM,37,10/11/2016
BGFP,I,3,FM,37,10/11/2016
BGFP,B,9,UD,38,10/11/2016
BGFP,G,7,SM,38,10/11/2016
BGFP,F,11,FM,39,10/11/2016
BGFP,B,6,WA,40,10/11/2016
BGFP,G,10,SM,40,10/11/2016
BGFP,A,8,FM,42,10/11/2016
BGFP,F,1,UD,45,10/11/2016
BGFP,F,4,FM,45,10/11/2016
BGFP,F,10,FM,46,10/11/2016
BGFP,F,7,FM,49,10/11/2016
BGFP,I,4,FM,49,10/11/2016
BGFP,G,1,EH,50,10/11/2016
BGFP,H,1,FM,50,10/11/2016
BGFP,I,1,FM,50,10/11/2016
BGFP,D,6,FM,51,10/11/2016
BGFP,F,8,FM,51,10/11/2016
BGFP,I,2,FM,51,10/11/2016
BGFP,E,4,FM,52,10/11/2016
BGFP,A,2,SM,54,10/11/2016
BGFP,A,1,SM,55,10/11/2016
BGFP,D,1,FM,55,10/11/2016
BGFP,D,2,FM,55,10/11/2016
BGFP,H,5,FM,56,10/11/2016
BGFP,E,1,FM,57,10/11/2016
BGFP,A,3,SO,59,10/11/2016
BGFP,A,4,FM,59,10/11/2016
BGFP,B,2,UD,59,10/11/2016
BGFP,B,11,BA,59,10/11/2016
BGFP,H,6,FM,60,10/11/2016
BGFP,G,8,SM,61,10/11/2016
BGFP,G,11,HA,61,10/11/2016
BGFP,H,7,FM,64,10/11/2016
BGFP,D,3,FM,65,10/11/2016
BGFP,B,7,EA,66,10/11/2016
BGFP,C,7,SM,67,10/11/2016
BGFP,B,1,UD,68,10/11/2016
BGFP,E,3,FM,90,10/11/2016
BGFP,C,6,WA,97,10/11/2016
BGFP,B,5,WA,112,10/11/2016
BGFP,B,10,BA,117,10/11/2016
BGFP,B,3,EA,125,10/11/2016
STFP,F,1,EB,30,10/11/2016
STFP,I,6,EB,31,10/11/2016
STFP,I,11,EB,31,10/11/2016
STFP,I,5,EB,32,10/11/2016
STFP,E,1,SF,37,10/11/2016
STFP,I,2,EB,40,10/11/2016
STFP,I,8,EB,43,10/11/2016
STFP,D,3,SF,49,10/11/2016
STFP,H,4,SF,56,10/11/2016
STFP,G,4,UC,58,10/11/2016
STFP,H,6,UC,61,10/11/2016
STFP,D,2,SF,62,10/11/2016
STFP,H,1,SF,64,10/11/2016
STFP,E,3,UD,70,10/11/2016
STFP,C,1,EB,71,10/11/2016
STFP,E,5,EB,72,10/11/2016
STFP,G,2,UC,72,10/11/2016
STFP,D,1,SF,83,10/11/2016
STFP,B,5,NM,89,10/11/2016
STFP,H,5,UC,94,10/11/2016
STFP,H,7,UC,94,10/11/2016
STFP,B,2,EB,99,10/11/2016
STFP,A,3,NM,100,10/11/2016
STFP,H,3,EB,100,10/11/2016
STFP,E,4,EB,105,10/11/2016
STFP,H,8,SF,113,10/11/2016
STFP,F,4,SF,131,10/11/2016
STFP,B,3,SF,133,10/11/2016
STFP,G,3,SF,134,10/11/2016
STFP,C,2,EB,138,10/11/2016
STFP,I,1,EB,144,10/11/2016
STFP,C,3,EB,147,10/11/2016
STFP,B,4,SF,158,10/11/2016
STFP,H,2,SF,161,10/11/2016
STFP,E,2,SF,165,10/11/2016
STFP,F,2,EB,165,10/11/2016
STFP,A,1,NM,174,10/11/2016
STFP,B,1,UD,180,10/11/2016
STFP,A,2,NM,181,10/11/2016
STFP,F,6,SF,192,10/11/2016
STFP,F,3,EB,195,10/11/2016
STFP,G,1,UC,211,10/11/2016
CRFP,C,3,NS,30,10/11/2016
CRFP,B,6,SM,38,10/11/2016
CRFP,C,5,SF,43,10/11/2016
CRFP,I,4,FM,45,10/11/2016
CRFP,B,2,NS,47,10/11/2016
CRFP,F,1,NS,47,10/11/2016
CRFP,C,2,EA,49,10/11/2016
CRFP,I,1,NS,53,10/11/2016
CRFP,C,6,SM,55,10/11/2016
CRFP,G,2,CH,64,10/11/2016
CRFP,H,5,NS,64,10/11/2016
CRFP,B,3,NS,65,10/11/2016
CRFP,E,1,SF,65,10/11/2016
CRFP,A,2,SM,67,10/11/2016
CRFP,A,1,EA,68,10/11/2016
CRFP,D,1,EB,71,10/11/2016
CRFP,G,3,SF,71,10/11/2016
CRFP,G,4,EH,76,10/11/2016
CRFP,C,1,SM,80,10/11/2016
CRFP,A,5,SF,87,10/11/2016
CRFP,B,4,NS,96,10/11/2016
CRFP,C,7,SM,100,10/11/2016
CRFP,C,8,NS,114,10/11/2016
CRFP,F,2,SF,122,10/11/2016
CRFP,I,5,FM,122,10/11/2016
CRFP,B,7,EB,126,10/11/2016
CRFP,A,4,EB,130,10/11/2016
CRFP,B,1,SM,130,10/11/2016
CRFP,E,2,NS,133,10/11/2016
CRFP,A,3,SF,145,10/11/2016
CRFP,B,5,NS,164,10/11/2016
CRFP,B,8,NS,164,10/11/2016
CRFP,C,4,LA,167,10/11/2016
BRFP1,A,2,SM,35,10/11/2016
BRFP1,D,3,SM,48,10/11/2016
BRFP1,H,2,NM,57,10/11/2016
BRFP1,C,1,SM,59,10/11/2016
BRFP1,F,6,NS,60,10/11/2016
BRFP1,G,4,SM,60,10/11/2016
BRFP1,G,5,SM,61,10/11/2016
BRFP1,E,2,NM,71,10/11/2016
BRFP1,E,1,NS,71,10/11/2016
BRFP1,A,4,NS,75,10/11/2016
BRFP1,D,2,NS,77,10/11/2016
BRFP1,A,3,NS,78,10/11/2016
BRFP1,A,1,SM,79,10/11/2016
BRFP1,F,3,NS,81,10/11/2016
BRFP1,C,3,NS,85,10/11/2016
BRFP1,B,1,NS,90,10/11/2016
BRFP1,I,3,NS,90,10/11/2016
BRFP1,D,4,NS,92,10/11/2016
BRFP1,I,4,NS,92,10/11/2016
BRFP1,E,5,NS,92,10/11/2016
BRFP1,I,1,NS,93,10/11/2016
BRFP1,B,6,NS,94,10/11/2016
BRFP1,F,5,NS,96,10/11/2016
BRFP1,B,3,NS,97,10/11/2016
BRFP1,C,5,NS,98,10/11/2016
BRFP1,E,3,NS,99,10/11/2016
BRFP1,G,2,NS,100,10/11/2016
BRFP1,B,2,NS,102,10/11/2016
BRFP1,B,4,NS,103,10/11/2016
BRFP1,B,7,NS,107,10/11/2016
BRFP1,H,1,NS,109,10/11/2016
BRFP1,E,4,NS,110,10/11/2016
BRFP1,E,6,NS,110,10/11/2016
BRFP1,A,6,NS,115,10/11/2016
BRFP1,G,6,NS,118,10/11/2016
BRFP1,H,5,NS,118,10/11/2016
BRFP1,B,5,NS,120,10/11/2016
BRFP1,H,6,NS,123,10/11/2016
BRFP1,C,4,NS,124,10/11/2016
BRFP1,F,1,NS,125,10/11/2016
BRFP1,F,4,LA,125,10/11/2016
BRFP1,H,3,NS,125,10/11/2016
BRFP1,C,2,LA,127,10/11/2016
BRFP1,I,2,NS,127,10/11/2016
BRFP1,D,1,NS,129,10/11/2016
BRFP1,H,4,NS,129,10/11/2016
BRFP1,F,2,NS,134,10/11/2016
BRFP1,A,5,NS,135,10/11/2016
BRFP1,G,1,NS,145,10/11/2016
BRFP2,I,2,SM,30,10/11/2016
BRFP2,I,3,SM,35,10/11/2016
BRFP2,I,14,NS,47,10/11/2016
BRFP2,I,1,SM,53,10/11/2016
BRFP2,B,2,EA,54,10/11/2016
BRFP2,E,8,EA,71,10/11/2016
BRFP2,C,4,NS,80,10/11/2016
BRFP2,A,2,LA,82,10/11/2016
BRFP2,C,3,SM,83,10/11/2016
BRFP2,A,4,SM,84,10/11/2016
BRFP2,F,8,LA,94,10/11/2016
BRFP2,G,1,LA,95,10/11/2016
BRFP2,B,4,NS,98,10/11/2016
BRFP2,E,4,LA,100,10/11/2016
BRFP2,E,9,LA,101,10/11/2016
BRFP2,A,5,LA,106,10/11/2016
BRFP2,D,3,LA,110,10/11/2016
BRFP2,G,6,LA,115,10/11/2016
BRFP2,I,7,LA,117,10/11/2016
BRFP2,B,1,NS,118,10/11/2016
BRFP2,C,2,UD,120,10/11/2016
BRFP2,D,5,LA,120,10/11/2016
BRFP2,D,6,LA,120,10/11/2016
BRFP2,B,3,LA,121,10/11/2016
BRFP2,E,2,LA,121,10/11/2016
BRFP2,G,5,LA,126,10/11/2016
BRFP2,I,13,LA,132,10/11/2016
BRFP2,E,1,LA,145,10/11/2016
BEFP,D,2,UC,30,10/11/2016
BEFP,F,3,UC,32,10/11/2016
BEFP,F,4,UC,35,10/11/2016
BEFP,F,1,UC,37,10/11/2016
BEFP,C,5,NS,38,10/11/2016
BEFP,D,13,UC,38,10/11/2016
BEFP,F,2,UC,38,10/11/2016
BEFP,D,3,UC,41,10/11/2016
BEFP,I,4,NS,42,10/11/2016
BEFP,C,8,NS,43,10/11/2016
BEFP,C,9,NS,43,10/11/2016
BEFP,D,7,UC,43,10/11/2016
BEFP,B,1,UC,44,10/11/2016
BEFP,I,1,NS,44,10/11/2016
BEFP,D,12,UC,46,10/11/2016
BEFP,H,2,NS,46,10/11/2016
BEFP,B,5,UC,47,10/11/2016
BEFP,D,11,UC,47,10/11/2016
BEFP,I,3,NS,47,10/11/2016
BEFP,H,1,NS,48,10/11/2016
BEFP,I,5,NS,48,10/11/2016
BEFP,D,10,UC,50,10/11/2016
BEFP,A,1,NS,51,10/11/2016
BEFP,G,2,NS,52,10/11/2016
BEFP,G,1,NS,53,10/11/2016
BEFP,I,6,NS,53,10/11/2016
BEFP,B,6,UC,55,10/11/2016
BEFP,G,3,NS,56,10/11/2016
BEFP,H,3,UC,59,10/11/2016
BEFP,G,5,NS,61,10/11/2016
BEFP,D,1,UC,63,10/11/2016
BEFP,E,2,UC,63,10/11/2016
BEFP,I,2,NS,67,10/11/2016
BEFP,C,3,NS,68,10/11/2016
BEFP,E,1,UC,68,10/11/2016
BEFP,A,3,NS,70,10/11/2016
BEFP,B,2,UC,70,10/11/2016
BEFP,D,9,UC,71,10/11/2016
BEFP,D,5,UC,72,10/11/2016
BEFP,C,6,NS,74,10/11/2016
BEFP,B,3,UC,82,10/11/2016
BEFP,C,1,NS,82,10/11/2016
BEFP,C,10,NS,83,10/11/2016
BEFP,E,3,UC,84,10/11/2016
BEFP,F,5,UC,84,10/11/2016
BEFP,C,4,NS,85,10/11/2016
BEFP,A,2,NS,86,10/11/2016
BEFP,C,2,NS,95,10/11/2016
BEFP,C,7,NS,105,10/11/2016
BEFP,F,8,UC,150,10/11/2016
BEFP,F,7,UC,160,10/11/2016
BEFP,F,6,UC,181,10/11/2016
BPFP,A,5,NS,31,10/11/2016
BPFP,F,17,NS,38,10/11/2016
BPFP,F,21,SM,40,10/11/2016
BPFP,A,4,NS,41,10/11/2016
BPFP,C,10,NS,80,10/11/2016
BPFP,D,14,SP,84,10/11/2016
BPFP,C,7,NS,85,10/11/2016
BPFP,C,11,NS,85,10/11/2016
BPFP,I,26,NS,87,10/11/2016
BPFP,F,18,NS,116,10/11/2016
BPFP,C,8,NS,122,10/11/2016
BPFP,F,16,NS,122,10/11/2016
BPFP,I,28,SP,131,10/11/2016
BPFP,C,13,NS,133,10/11/2016
BPFP,C,12,NS,142,10/11/2016
BPFP,F,19,NS,143,10/11/2016
BPFP,F,20,NS,143,10/11/2016
BPFP,H,23,SP,150,10/11/2016
BPFP,H,25,SP,150,10/11/2016
BPFP,C,9,NS,152,10/11/2016
BPFP,H,22,SP,152,10/11/2016
BPFP,A,3,NS,159,10/11/2016
BPFP,I,27,SP,162,10/11/2016
BPFP,H,24,SP,167,10/11/2016
BPFP,A,1,NS,169,10/11/2016
BPFP,A,2,NS,170,10/11/2016
BPFP,E,15,SP,174,10/11/2016
BPFP,B,6,NS,204,10/11/2016
SOFP,B,2,NS,37,10/11/2016
SOFP,A,8,NS,40,10/11/2016
SOFP,E,6,NS,56,10/11/2016
SOFP,B,1,NS,94,10/11/2016
SOFP,E,5,NS,97,10/11/2016
SOFP,A,10,NS,101,10/11/2016
SOFP,A,11,NS,102,10/11/2016
SOFP,A,12,NS,163,10/11/2016
SOFP,A,9,SP,174,10/11/2016
SOFP,E,4,NS,179,10/11/2016
SOFP,H,3,NS,181,10/11/2016
SOFP,C,1,NS,194,10/11/2016
SOFP,B,5,NS,196,10/11/2016
SOFP,F,7,NS,200,10/11/2016
SOFP,B,3,NS,206,10/11/2016
SOFP,H,2,NS,210,10/11/2016
SOFP,B,6,NS,225,10/11/2016
SOFP,C,2,NS,225,10/11/2016
SOFP,I,1,NS,240,10/11/2016
SOFP,I,3,NS,244,10/11/2016
SOFP,G,1,NS,250,10/11/2016
SOFP,B,4,NS,253,10/11/2016
SOFP,H,1,NS,280,10/11/2016
SOFP,I,4,NS,400,10/11/2016
SOFP,I,2,NS,401,10/11/2016
RIFP,I,3,NS,30,10/11/2016
RIFP,F,4,WE,32,10/11/2016
RIFP,H,5,SP,33,10/11/2016
RIFP,D,4,SF,38,10/11/2016
RIFP,I,2,NS,42,10/11/2016
RIFP,D,3,SF,43,10/11/2016
RIFP,I,5,NS,47,10/11/2016
RIFP,A,1,NS,55,10/11/2016
RIFP,D,2,SF,58,10/11/2016
RIFP,G,2,LA,60,10/11/2016
RIFP,F,2,NS,75,10/11/2016
RIFP,F,3,NS,75,10/11/2016
RIFP,I,4,NS,80,10/11/2016
RIFP,F,1,NS,90,10/11/2016
RIFP,D,1,SF,105,10/11/2016
RIFP,E,1,WA,,10/11/2016
RIFP,E,2,unknown,,10/11/2016
PDFP,C,1,SF,34,10/11/2016
PDFP,B,2,SF,35,10/11/2016
PDFP,B,1,BA,43,10/11/2016
PDFP,F,1,SF,45,10/11/2016
PDFP,D,2,SF,47,10/11/2016
PDFP,F,8,EB,52,10/11/2016
PDFP,H,3,SF,54,10/11/2016
PDFP,G,1,EY,56,10/11/2016
PDFP,D,3,BA,57,10/11/2016
PDFP,H,5,BA,57,10/11/2016
PDFP,G,7,SF,67,10/11/2016
PDFP,C,2,WA,70,10/11/2016
PDFP,E,3,WA,72,10/11/2016
PDFP,I,4,SF,89,10/11/2016
PDFP,E,2,WA,90,10/11/2016
PDFP,G,2,SF,96,10/11/2016
PDFP,I,3,SF,100,10/11/2016
PDFP,E,1,SF,102,10/11/2016
PDFP,F,2,SF,112,10/11/2016
PDFP,H,7,SF,120,10/11/2016
PDFP,E,4,SF,122,10/11/2016
PDFP,F,9,SF,125,10/11/2016
PDFP,H,1,UC,128,10/11/2016
PDFP,G,5,NS,135,10/11/2016
PDFP,I,2,SF,167,10/11/2016
PDFP,G,3,LI,180,10/11/2016
PDFP,D,1,EB,186,10/11/2016
PDFP,H,6,EB,186,10/11/2016
PDFP,H,2,NS,193,10/11/2016
PDFP,G,8,EB,198,10/11/2016
PDFP,H,4,SF,199,10/11/2016
PDFP,F,3,NS,207,10/11/2016
PDFP,I,1,NS,223,10/11/2016
PDFP,G,6,NS,250,10/11/2016
REFP,G,5,LA,31,10/11/2016
REFP,B,1,UD,32,10/11/2016
REFP,G,3,SF,33,10/11/2016
REFP,I,6,EB,33,10/11/2016
REFP,D,6,UD,34,10/11/2016
REFP,E,12,EB,34,10/11/2016
REFP,D,2,EB,35,10/11/2016
REFP,B,5,EB,36,10/11/2016
REFP,E,9,EB,37,10/11/2016
REFP,B,4,EB,38,10/11/2016
REFP,G,8,UD,39,10/11/2016
REFP,H,4,EB,40,10/11/2016
REFP,A,4,NS,41,10/11/2016
REFP,C,4,SF,46,10/11/2016
REFP,H,5,NS,46,10/11/2016
REFP,B,6,EB,47,10/11/2016
REFP,H,7,SP,47,10/11/2016
REFP,G,4,WB,49,10/11/2016
REFP,E,11,EB,52,10/11/2016
REFP,D,7,EB,54,10/11/2016
REFP,D,3,UD,55,10/11/2016
REFP,D,1,EB,56,10/11/2016
REFP,D,8,EB,56,10/11/2016
REFP,I,4,SF,56,10/11/2016
REFP,E,6,SF,57,10/11/2016
REFP,E,8,SF,60,10/11/2016
REFP,H,6,EB,62,10/11/2016
REFP,E,5,SF,62,10/11/2016
REFP,D,5,EB,63,10/11/2016
REFP,C,6,SF,72,10/11/2016
REFP,I,1,EB,72,10/11/2016
REFP,A,1,EB,73,10/11/2016
REFP,B,8,SF,75,10/11/2016
REFP,E,1,EB,75,10/11/2016
REFP,B,3,SF,75,10/11/2016
REFP,E,4,UD,81,10/11/2016
REFP,G,7,SF,85,10/11/2016
REFP,A,2,EB,87,10/11/2016
REFP,I,3,EB,89,10/11/2016
REFP,C,5,SF,90,10/11/2016
REFP,E,3,SF,91,10/11/2016
REFP,E,10,SF,92,10/11/2016
REFP,E,2,SF,95,10/11/2016
REFP,A,3,EB,98,10/11/2016
REFP,C,3,SF,102,10/11/2016
REFP,H,1,UD,104,10/11/2016
REFP,I,8,EB,104,10/11/2016
REFP,E,7,SF,117,10/11/2016
REFP,B,2,UD,118,10/11/2016
REFP,D,4,UD,121,10/11/2016
REFP,I,5,SF,139,10/11/2016
REFP,B,7,UD,143,10/11/2016
REFP,I,2,SF,143,10/11/2016
REFP,C,1,NS,158,10/11/2016
REFP,G,1,SP,181,10/11/2016
REFP,C,2,SF,184,10/11/2016
REFP,G,6,SF,190,10/11/2016
LAFP,A,1,EB,165,10/10/2017
LAFP,A,2,EB,156,10/10/2017
LAFP,A,3,EY,38,10/10/2017
LAFP,A,4,EY,36,10/10/2017
LAFP,B,1,EB,141,10/10/2017
LAFP,B,2,UC,127,10/10/2017
LAFP,B,3,SF,120,10/10/2017
LAFP,B,4,EB,175,10/10/2017
LAFP,B,5,EB,94,10/10/2017
LAFP,C,1,EY,61,10/10/2017
LAFP,C,2,SF,130,10/10/2017
LAFP,C,3,EB,250,10/10/2017
LAFP,C,4,SF,139,10/10/2017
LAFP,C,5,EB,133,10/10/2017
LAFP,C,6,EB,43,10/10/2017
LAFP,D,1,SF,73,10/10/2017
LAFP,D,2,SF,118,10/10/2017
LAFP,D,3,EB,150,10/10/2017
LAFP,D,4,EY,38,10/10/2017
LAFP,E,1,UC,123,10/10/2017
LAFP,E,2,EB,143,10/10/2017
LAFP,F,1,EB,46,10/10/2017
LAFP,F,2,EY,38,10/10/2017
LAFP,F,3,EY,49,10/10/2017
LAFP,G,1,UC,190,10/10/2017
LAFP,G,2,EY,139,10/10/2017
LAFP,G,3,EB,74,10/10/2017
LAFP,H,1,EB,123,10/10/2017
LAFP,H,2,SF,180,10/10/2017
LAFP,I,1,SF,80,10/10/2017
LAFP,I,2,SF,168,10/10/2017
LAFP,I,3,UC,65,10/10/2017
LAFP,I,4,EY,79,10/10/2017
PDFP,D,1,UC,98,10/10/2017
PDFP,D,2,UD,85,10/10/2017
PDFP,G,1,UC,62,10/10/2017
PDFP,G,2,UC,103,10/10/2017
PDFP,G,3,UC,70,10/10/2017
PDFP,G,4,UD,146,10/10/2017
PDFP,G,5,UC,250,10/10/2017
PDFP,G,6,UC,121,10/10/2017
PDFP,H,1,UD,60,10/10/2017
PDFP,H,2,UC,54,10/10/2017
PDFP,H,3,UC,202,10/10/2017
PDFP,H,4,UD,182,10/10/2017
PDFP,H,5,UD,188,10/10/2017
PDFP,H,6,UD,126,10/10/2017
PDFP,H,7,UD,182,10/10/2017
PDFP,H,8,UC,102,10/10/2017
PDFP,I,1,UC,219,10/10/2017
PDFP,I,2,UC,158,10/10/2017
PDFP,I,3,UC,100,10/10/2017
PDFP,I,4,UC,90,10/10/2017
REFP,A,1,NS,189,10/10/2017
REFP,A,2,EY,110,10/10/2017
REFP,B,1,NS,130,10/10/2017
REFP,B,2,NS,115,10/10/2017
REFP,C,1,NS,130,10/10/2017
REFP,C,2,NS,120,10/10/2017
REFP,C,3,NS,115,10/10/2017
REFP,D,1,NS,160,10/10/2017
REFP,D,2,NS,220,10/10/2017
REFP,D,3,NS,135,10/10/2017
REFP,D,4,EY,160,10/10/2017
REFP,E,1,NS,160,10/10/2017
REFP,E,2,NS,190,10/10/2017
REFP,E,3,NS,100,10/10/2017
REFP,E,4,NS,100,10/10/2017
REFP,F,1,NS,190,10/10/2017
REFP,F,2,NS,170,10/10/2017
REFP,F,3,NS,180,10/10/2017
REFP,F,4,NS,160,10/10/2017
REFP,G,1,EY,80,10/10/2017
REFP,G,2,NS,190,10/10/2017
REFP,G,3,NS,120,10/10/2017
REFP,G,4,NS,190,10/10/2017
REFP,H,1,NS,130,10/10/2017
REFP,H,2,NS,120,10/10/2017
REFP,H,3,NS,100,10/10/2017
REFP,H,4,NS,110,10/10/2017
REFP,H,5,NS,83,10/10/2017
REFP,I,1,EA,110,10/10/2017
REFP,I,3,EA,30,10/10/2017
REFP,I,4,NS,120,10/10/2017
REFP,I,5,NS,40,10/10/2017
REFP,I,6,EA,80,10/10/2017
REFP,I,7,NS,112,10/10/2017
REFP,I,8,NS,120,10/10/2017
REFP,I,9,NS,110,10/10/2017
REFP,I,10,EA,76,10/10/2017
LRFP,A,1,UC,190,10/10/2017
LRFP,A,2,EB,50,10/10/2017
LRFP,A,3,UD,73,10/10/2017
LRFP,A,4,UD,86,10/10/2017
LRFP,A,5,UD,44,10/10/2017
LRFP,A,6,UD,50,10/10/2017
LRFP,A,7,UC,43,10/10/2017
LRFP,B,1,EB,78,10/10/2017
LRFP,B,2,UD,38,10/10/2017
LRFP,B,3,UD,40,10/10/2017
LRFP,B,4,UD,140,10/10/2017
LRFP,B,5,UD,74,10/10/2017
LRFP,B,6,UD,55,10/10/2017
LRFP,C,1,UD,120,10/10/2017
LRFP,C,2,UD,37,10/10/2017
LRFP,C,3,UC,33,10/10/2017
LRFP,C,4,UD,41,10/10/2017
LRFP,C,5,UD,122,10/10/2017
LRFP,D,1,UC,105,10/10/2017
LRFP,D,2,U,115,10/10/2017
LRFP,D,3,UD,44,10/10/2017
LRFP,D,4,UD,48,10/10/2017
LRFP,E,1,NS,229,10/10/2017
LRFP,E,2,EB,120,10/10/2017
LRFP,E,3,EB,106,10/10/2017
LRFP,E,4,EB,33,10/10/2017
LRFP,F,1,NS,126,10/10/2017
LRFP,G,1,EB,223,10/10/2017
LRFP,G,2,WA,64,10/10/2017
LRFP,G,3,UC,32,10/10/2017
LRFP,G,4,WA,45,10/10/2017
LRFP,H,1,WB,23,10/10/2017
LRFP,H,2,NS,21,10/10/2017
LRFP,H,3,NS,69,10/10/2017
LRFP,H,4,NS,245,10/10/2017
LRFP,I,1,NS,184,10/10/2017
BGFP,A,1,UD,52,10/10/2017
BGFP,A,2,EB,94,10/10/2017
BGFP,A,3,EB,80,10/10/2017
BGFP,A,4,UD,30,10/10/2017
BGFP,A,5,UD,115,10/10/2017
BGFP,A,6,UD,54,10/10/2017
BGFP,A,7,EB,90,10/10/2017
BGFP,A,8,EB,33,10/10/2017
BGFP,A,9,SM,80,10/10/2017
BGFP,A,10,SM,70,10/10/2017
BGFP,A,11,UD,41,10/10/2017
BGFP,B,1,UD,55,10/10/2017
BGFP,B,2,UD,64,10/10/2017
BGFP,B,3,NM,48,10/10/2017
BGFP,B,4,NM,49,10/10/2017
BGFP,B,5,NM,45,10/10/2017
BGFP,B,6,NM,37,10/10/2017
BGFP,B,7,NM,42,10/10/2017
BGFP,B,8,NM,32,10/10/2017
BGFP,B,9,EB,54,10/10/2017
BGFP,B,10,UD,146,10/10/2017
BGFP,B,11,BA,34,10/10/2017
BGFP,B,12,UD,44,10/10/2017
BGFP,C,1,NM,40,10/10/2017
BGFP,C,2,NM,49,10/10/2017
BGFP,C,3,NM,50,10/10/2017
BGFP,C,4,NM,49,10/10/2017
BGFP,C,5,SO,50,10/10/2017
BGFP,C,6,UD,54,10/10/2017
BGFP,C,7,SO,56,10/10/2017
BGFP,C,8,EB,50,10/10/2017
BGFP,C,9,SO,54,10/10/2017
BGFP,D,1,SM,83,10/10/2017
BGFP,D,2,UD,110,10/10/2017
BGFP,D,3,EH,37,10/10/2017
BGFP,D,4,UD,69,10/10/2017
BGFP,D,5,unknown,32,10/10/2017
BGFP,D,6,unknown,78,10/10/2017
BGFP,E,1,UD,56,10/10/2017
BGFP,E,2,SM,45,10/10/2017
BGFP,E,3,EA,86,10/10/2017
BGFP,E,4,UD,56,10/10/2017
BGFP,E,5,WE,176,10/10/2017
BGFP,F,1,SO,85,10/10/2017
BGFP,F,2,UD,51,10/10/2017
BGFP,F,3,UD,51,10/10/2017
BGFP,F,4,UD,35,10/10/2017
BGFP,G,1,EA,50,10/10/2017
BGFP,G,2,NM,53,10/10/2017
BGFP,G,3,NM,36,10/10/2017
BGFP,G,4,UD,32,10/10/2017
BGFP,G,5,EA,33,10/10/2017
BGFP,G,6,NM,42,10/10/2017
BGFP,G,7,UD,47,10/10/2017
BGFP,G,8,SO,53,10/10/2017
BGFP,H,1,SO,54,10/10/2017
BGFP,H,2,EA,60,10/10/2017
BGFP,H,3,EA,56,10/10/2017
BGFP,H,4,EA,31,10/10/2017
BGFP,H,5,UD,57,10/10/2017
BGFP,H,6,UD,61,10/10/2017
BGFP,H,7,SM,71,10/10/2017
BGFP,H,8,SM,56,10/10/2017
BGFP,H,9,SO,64,10/10/2017
BGFP,H,10,SO,41,10/10/2017
BGFP,H,11,SO,51,10/10/2017
BGFP,H,12,EA,40,10/10/2017
BGFP,H,13,SO,48,10/10/2017
BGFP,H,14,NM,53,10/10/2017
BGFP,H,15,SO,61,10/10/2017
BGFP,H,16,SO,44,10/10/2017
BGFP,H,17,SO,45,10/10/2017
BGFP,H,19,SO,76,10/10/2017
BGFP,I,1,UD,45,10/10/2017
BGFP,I,2,NM,44,10/10/2017
BGFP,I,3,EA,64,10/10/2017
BGFP,I,4,EA,65,10/10/2017
BGFP,I,5,NM,45,10/10/2017
BGFP,I,6,SO,59,10/10/2017
BGFP,I,7,SO,50,10/10/2017
BGFP,I,8,SO,34,10/10/2017
STFP,A,1,SM,180,10/10/2017
STFP,B,1,UD,100,10/10/2017
STFP,B,2,SF,140,10/10/2017
STFP,B,3,SF,136,10/10/2017
STFP,C,1,SF,140,10/10/2017
STFP,C,2,SF,70,10/10/2017
STFP,C,3,SF,150,10/10/2017
STFP,D,1,SF,96,10/10/2017
STFP,D,2,SF,35,10/10/2017
STFP,D,3,SM,135,10/10/2017
STFP,D,4,SM,106,10/10/2017
STFP,E,1,SF,37,10/10/2017
STFP,E,2,SF,167,10/10/2017
STFP,E,3,WA,77,10/10/2017
STFP,E,4,FB,11,10/10/2017
STFP,E,5,SP,177,10/10/2017
STFP,E,6,NM,88,10/10/2017
STFP,E,7,SF,73,10/10/2017
STFP,F,1,SF,172,10/10/2017
STFP,F,2,SF,208,10/10/2017
STFP,F,3,EB,130,10/10/2017
STFP,F,4,SF,208,10/10/2017
STFP,G,1,SF,137,10/10/2017
STFP,G,2,SF,76,10/10/2017
STFP,G,3,SF,57,10/10/2017
STFP,G,4,SF,250,10/10/2017
STFP,G,5,SM,53,10/10/2017
STFP,G,6,SF,152,10/10/2017
STFP,H,1,SF,170,10/10/2017
STFP,H,2,SF,63,10/10/2017
STFP,H,3,SF,127,10/10/2017
STFP,H,4,SF,51,10/10/2017
STFP,H,5,SF,100,10/10/2017
STFP,H,6,SF,104,10/10/2017
STFP,H,7,SF,33,10/10/2017
STFP,H,8,SF,57,10/10/2017
STFP,H,9,SF,63,10/10/2017
STFP,I,1,EA,74,10/10/2017
STFP,I,2,EA,144,10/10/2017
STFP,I,3,EA,35,10/10/2017
STFP,I,4,EA,31,10/10/2017
STFP,I,5,EA,31,10/10/2017
CRFP,A,1,EB,61,10/10/2017
CRFP,A,2,SM,44,10/10/2017
CRFP,A,3,SF,77,10/10/2017
CRFP,A,4,WB,14,10/10/2017
CRFP,A,5,SF,11,10/10/2017
CRFP,B,1,SP,15,10/10/2017
CRFP,B,2,SF,25,10/10/2017
CRFP,B,3,NP,70,10/10/2017
CRFP,B,4,SF,145,10/10/2017
CRFP,C,1,NM,66,10/10/2017
CRFP,D,1,EA,40,10/10/2017
CRFP,D,2,SF,45,10/10/2017
CRFP,D,3,SM,49,10/10/2017
CRFP,D,4,SM,41,10/10/2017
CRFP,D,5,SF,38,10/10/2017
CRFP,F,1,UD,131,10/10/2017
CRFP,F,2,UC,72,10/10/2017
CRFP,F,3,UD,34,10/10/2017
CRFP,E,1,UD,40,10/10/2017
CRFP,G,1,NS,196,10/10/2017
CRFP,G,2,NS,27,10/10/2017
CRFP,G,3,SM,71,10/10/2017
CRFP,G,4,NS,38,10/10/2017
CRFP,G,5,NS,122,10/10/2017
CRFP,G,6,SM,71,10/10/2017
CRFP,G,7,EA,44,10/10/2017
CRFP,G,8,SM,32,10/10/2017
CRFP,H,1,NS,34,10/10/2017
CRFP,H,2,EA,31,10/10/2017
CRFP,H,3,NS,117,10/10/2017
CRFP,H,4,SM,69,10/10/2017
CRFP,H,5,NS,134,10/10/2017
BEFP,A,1,SF,84,10/10/2017
BEFP,A,2,SF,132,10/10/2017
BEFP,A,3,SF,84,10/10/2017
BEFP,A,4,NS,60,10/10/2017
BEFP,B,1,NS,109,10/10/2017
BEFP,B,2,SF,48,10/10/2017
BEFP,B,3,SF,55,10/10/2017
BEFP,C,1,SP,116,10/10/2017
BEFP,C,2,L,119,10/10/2017
BEFP,C,3,SF,100,10/10/2017
BEFP,C,4,NS,150,10/10/2017
BEFP,C,5,SF,74,10/10/2017
BEFP,C,6,SM,60,10/10/2017
BEFP,D,1,SF,48,10/10/2017
BEFP,D,2,NS,120,10/10/2017
BEFP,D,3,NS,103,10/10/2017
BEFP,D,4,NS,193,10/10/2017
BEFP,D,5,SM,56,10/10/2017
BEFP,D,6,NS,93,10/10/2017
BEFP,E,1,SF,122,10/10/2017
BEFP,F,1,LA,172,10/10/2017
BEFP,F,2,LA,112,10/10/2017
BEFP,F,3,NS,152,10/10/2017
BEFP,F,4,NS,130,10/10/2017
BEFP,F,5,LA,116,10/10/2017
BEFP,F,6,UC,144,10/10/2017
BEFP,F,7,SM,66,10/10/2017
BEFP,F,8,SM,142,10/10/2017
BEFP,F,9,SM,87,10/10/2017
BEFP,F,10,LA,83,10/10/2017
BEFP,G,1,UC,148,10/10/2017
BEFP,G,2,SM,75,10/10/2017
BEFP,G,3,LA,72,10/10/2017
BEFP,G,4,LA,44,10/10/2017
BEFP,G,5,NS,123,10/10/2017
BEFP,H,1,LA,89,10/10/2017
BEFP,H,2,LA,100,10/10/2017
BEFP,H,3,LA,101,10/10/2017
BEFP,H,4,WE,49,10/10/2017
BEFP,I,1,LA,53,10/10/2017
BEFP,I,2,NS,183,10/10/2017
BEFP,I,3,LA,43,10/10/2017
BEFP,I,4,LA,54,10/10/2017
BEFP,I,5,LA,140,10/10/2017
BEFP,I,6,LA,119,10/10/2017
BEFP,I,7,LA,53,10/10/2017
BEFP,I,8,LA,64,10/10/2017
BPFP,A,1,NS,178,10/10/2017
BPFP,A,2,NS,180,10/10/2017
BPFP,A,3,NS,43,10/10/2017
BPFP,B,1,NS,207,10/10/2017
BPFP,B,2,NS,167,10/10/2017
BPFP,C,1,NS,90,10/10/2017
BPFP,C,2,NS,124,10/10/2017
BPFP,C,3,NS,56,10/10/2017
BPFP,C,4,NS,88,10/10/2017
BPFP,C,5,NS,89,10/10/2017
BPFP,C,6,NS,168,10/10/2017
BPFP,C,7,NS,150,10/10/2017
BPFP,C,8,NS,131,10/10/2017
BPFP,D,1,NS,85,10/10/2017
BPFP,E,1,SM,50,10/10/2017
BPFP,E,2,NS,44,10/10/2017
BPFP,E,3,NS,167,10/10/2017
BPFP,F,1,NS,150,10/10/2017
BPFP,F,2,NS,128,10/10/2017
BPFP,F,3,NS,41,10/10/2017
BPFP,F,4,NS,110,10/10/2017
BPFP,F,5,NS,163,10/10/2017
BPFP,F,6,NS,154,10/10/2017
BPFP,F,7,NS,42,10/10/2017
BPFP,G,1,SM,43,10/10/2017
BPFP,G,2,NS,44,10/10/2017
BPFP,G,3,SF,30,10/10/2017
BPFP,G,4,SF,66,10/10/2017
BPFP,G,5,NS,38,10/10/2017
BPFP,H,1,NS,136,10/10/2017
BPFP,H,2,NS,163,10/10/2017
BPFP,H,3,NS,144,10/10/2017
BPFP,H,4,NS,143,10/10/2017
BPFP,H,5,NS,63,10/10/2017
BPFP,I,1,NS,96,10/10/2017
BPFP,I,2,NS,171,10/10/2017
BPFP,I,3,NS,126,10/10/2017
SOFP,A,1,UC,185,10/10/2017
SOFP,A,2,NS,103,10/10/2017
SOFP,A,3,NS,150,10/10/2017
SOFP,B,1,NS,180,10/10/2017
SOFP,B,2,NS,200,10/10/2017
SOFP,B,3,UC,180,10/10/2017
SOFP,B,4,NS,85,10/10/2017
SOFP,D,1,NS,45,10/10/2017
SOFP,E,1,NS,140,10/10/2017
SOFP,E,2,NS,200,10/10/2017
SOFP,E,3,NS,265,10/10/2017
SOFP,F,1,UC,55,10/10/2017
SOFP,F,2,NS,235,10/10/2017
SOFP,G,1,NS,245,10/10/2017
SOFP,G,2,NS,360,10/10/2017
SOFP,H,1,NS,220,10/10/2017
SOFP,I,1,NS,270,10/10/2017
SOFP,I,2,NS,255,10/10/2017
RIFP,D,1,NS,107,10/10/2017
RIFP,D,2,NS,70,10/10/2017
RIFP,D,3,NS,65,10/10/2017
RIFP,D,4,NS,43,10/10/2017
RIFP,D,5,NS,N/A,10/10/2017
RIFP,E,1,LD,83,10/10/2017
RIFP,F,1,LD,94,10/10/2017
RIFP,F,2,LD,102,10/10/2017
